id,timestamp,categoria,valor,estado,region,tiempo_respuesta
1,2025-01-01 03:00:00,Logistica,20.15,Mantenimiento,Oeste,2.02
2,2025-01-01 06:00:00,Software,9.25,Inactivo,Norte,8.26
3,2025-01-01 09:00:00,Electronica,27.81,Error,Sur,14.69
4,2025-01-01 12:00:00,Software,22.33,Mantenimiento,Este,2.86
5,2025-01-01 15:00:00,Electronica,81.9,Activo,Este,0.14
6,2025-01-01 18:00:00,Electronica,0.01,Inactivo,Sur,7.35
7,2025-01-01 21:00:00,Logistica,10.72,Error,Sur,0.17
8,2025-01-02 00:00:00,Mecanica,0.37,Inactivo,Centro,4.44
9,2025-01-02 03:00:00,Calidad,72.45,Activo,Norte,6.18
10,2025-01-02 06:00:00,Software,59.36,Mantenimiento,Oeste,7.64
11,2025-01-02 09:00:00,Electronica,57.63,Mantenimiento,Sur,12.36
12,2025-01-02 12:00:00,Logistica,94.56,Mantenimiento,Norte,10.26
13,2025-01-02 15:00:00,Calidad,4.79,Inactivo,Este,4.07
14,2025-01-02 18:00:00,Logistica,54.24,Mantenimiento,Centro,14.05
15,2025-01-02 21:00:00,Electronica,0.23,Error,Este,7.14
16,2025-01-03 00:00:00,Electronica,43.87,Mantenimiento,Norte,7.69
17,2025-01-03 03:00:00,Mecanica,1.59,Inactivo,Centro,12.87
18,2025-01-03 06:00:00,Calidad,44.99,Mantenimiento,Este,11.09
19,2025-01-03 09:00:00,Mecanica,48.1,Mantenimiento,Centro,0.33
20,2025-01-03 12:00:00,Mecanica,16.36,Error,Este,0.77
21,2025-01-03 15:00:00,Electronica,4.96,Inactivo,Centro,7.17
22,2025-01-03 18:00:00,Mecanica,6.54,Inactivo,Sur,4.67
23,2025-01-03 21:00:00,Calidad,2.98,Inactivo,Oeste,9.6
24,2025-01-04 00:00:00,Software,24.69,Error,Este,3.91
25,2025-01-04 03:00:00,Software,23.24,Error,Oeste,9.66
26,2025-01-04 06:00:00,Electronica,4.14,Inactivo,Oeste,11.66
27,2025-01-04 09:00:00,Calidad,60.3,Mantenimiento,Oeste,0.18
28,2025-01-04 12:00:00,Calidad,5.92,Error,Centro,6.63
29,2025-01-04 15:00:00,Electronica,85.8,Error,Norte,6.77
30,2025-01-04 18:00:00,Mecanica,7.71,Inactivo,Este,10.55
31,2025-01-04 21:00:00,Software,15.4,Error,Sur,11.06
32,2025-01-05 00:00:00,Electronica,67.91,Activo,Este,13.27
33,2025-01-05 03:00:00,Logistica,8.47,Inactivo,Oeste,3.12
34,2025-01-05 06:00:00,Electronica,44.32,Mantenimiento,Oeste,9.08
35,2025-01-05 09:00:00,Mecanica,19.17,Error,Norte,8.0
36,2025-01-05 12:00:00,Electronica,8.56,Inactivo,Sur,4.78
37,2025-01-05 15:00:00,Calidad,7.2,Inactivo,Centro,0.37
38,2025-01-05 18:00:00,Logistica,9.28,Inactivo,Sur,8.71
39,2025-01-05 21:00:00,Calidad,3.85,Inactivo,Este,9.52
40,2025-01-06 00:00:00,Electronica,1.69,Inactivo,Norte,9.56
41,2025-01-06 03:00:00,Mecanica,51.83,Mantenimiento,Sur,6.54
42,2025-01-06 06:00:00,Mecanica,42.85,Activo,Oeste,9.91
43,2025-01-06 09:00:00,Calidad,3.15,Inactivo,Oeste,4.98
44,2025-01-06 12:00:00,Logistica,21.66,Error,Norte,8.09
45,2025-01-06 15:00:00,Calidad,29.24,Error,Norte,12.46
46,2025-01-06 18:00:00,Electronica,23.63,Error,Sur,8.3
47,2025-01-06 21:00:00,Electronica,42.72,Mantenimiento,Norte,7.83
48,2025-01-07 00:00:00,Electronica,0.69,Inactivo,Este,5.5
49,2025-01-07 03:00:00,Calidad,61.78,Mantenimiento,Sur,12.5
50,2025-01-07 06:00:00,Electronica,59.11,Activo,Este,10.02
51,2025-01-07 09:00:00,Logistica,29.04,Error,Norte,10.26
52,2025-01-07 12:00:00,Software,61.65,Mantenimiento,Centro,14.78
53,2025-01-07 15:00:00,Mecanica,3.02,Inactivo,Oeste,6.82
54,2025-01-07 18:00:00,Logistica,75.57,Mantenimiento,Sur,9.39
55,2025-01-07 21:00:00,Logistica,2.09,Inactivo,Oeste,0.32
56,2025-01-08 00:00:00,Calidad,43.13,Activo,Sur,7.54
57,2025-01-08 03:00:00,Electronica,48.62,Mantenimiento,Oeste,2.03
58,2025-01-08 06:00:00,Mecanica,48.84,Mantenimiento,Norte,9.67
59,2025-01-08 09:00:00,Calidad,3.59,Error,Este,12.58
60,2025-01-08 12:00:00,Logistica,43.69,Mantenimiento,Oeste,5.71
61,2025-01-08 15:00:00,Calidad,23.98,Error,Este,5.49
62,2025-01-08 18:00:00,Software,62.67,Mantenimiento,Sur,1.91
63,2025-01-08 21:00:00,Electronica,3.22,Inactivo,Oeste,13.76
64,2025-01-09 00:00:00,Electronica,8.99,Inactivo,Centro,10.76
65,2025-01-09 03:00:00,Calidad,4.75,Inactivo,Este,2.97
66,2025-01-09 06:00:00,Mecanica,27.09,Error,Este,3.16
67,2025-01-09 09:00:00,Electronica,60.77,Mantenimiento,Sur,14.76
68,2025-01-09 12:00:00,Software,96.43,Mantenimiento,Sur,2.95
69,2025-01-09 15:00:00,Mecanica,56.51,Mantenimiento,Este,12.11
70,2025-01-09 18:00:00,Electronica,1.09,Inactivo,Sur,12.43
71,2025-01-09 21:00:00,Electronica,29.81,Activo,Norte,5.41
72,2025-01-10 00:00:00,Logistica,35.05,Activo,Norte,14.3
73,2025-01-10 03:00:00,Calidad,12.64,Error,Oeste,6.4
74,2025-01-10 06:00:00,Electronica,7.32,Inactivo,Oeste,7.43
75,2025-01-10 09:00:00,Software,8.18,Error,Norte,6.43
76,2025-01-10 12:00:00,Mecanica,7.86,Inactivo,Centro,7.38
77,2025-01-10 15:00:00,Calidad,50.66,Mantenimiento,Este,14.18
78,2025-01-10 18:00:00,Electronica,23.46,Error,Sur,14.81
79,2025-01-10 21:00:00,Software,4.49,Error,Centro,7.3
80,2025-01-11 00:00:00,Software,52.35,Mantenimiento,Oeste,13.69
81,2025-01-11 03:00:00,Calidad,2.89,Error,Sur,14.72
82,2025-01-11 06:00:00,Electronica,71.06,Activo,Sur,10.44
83,2025-01-11 09:00:00,Calidad,96.12,Mantenimiento,Norte,4.31
84,2025-01-11 12:00:00,Mecanica,97.36,Activo,Este,6.72
85,2025-01-11 15:00:00,Logistica,4.78,Inactivo,Sur,4.59
86,2025-01-11 18:00:00,Logistica,6.6,Inactivo,Oeste,0.61
87,2025-01-11 21:00:00,Mecanica,10.81,Error,Este,1.82
88,2025-01-12 00:00:00,Calidad,73.09,Activo,Oeste,9.04
89,2025-01-12 03:00:00,Electronica,83.56,Mantenimiento,Este,10.87
90,2025-01-12 06:00:00,Calidad,13.68,Error,Sur,2.41
91,2025-01-12 09:00:00,Logistica,0.75,Inactivo,Norte,3.51
92,2025-01-12 12:00:00,Electronica,12.6,Error,Este,11.06
93,2025-01-12 15:00:00,Electronica,25.02,Error,Sur,2.2
94,2025-01-12 18:00:00,Electronica,23.26,Error,Este,9.95
95,2025-01-12 21:00:00,Software,76.76,Mantenimiento,Centro,8.71
96,2025-01-13 00:00:00,Calidad,6.57,Inactivo,Este,12.45
97,2025-01-13 03:00:00,Software,7.96,Inactivo,Oeste,9.54
98,2025-01-13 06:00:00,Mecanica,17.11,Error,Centro,4.7
99,2025-01-13 09:00:00,Electronica,8.6,Error,Centro,4.45
100,2025-01-13 12:00:00,Software,37.45,Mantenimiento,Centro,5.73
101,2025-01-13 15:00:00,Calidad,60.18,Activo,Este,14.82
102,2025-01-13 18:00:00,Logistica,76.44,Mantenimiento,Centro,5.7
103,2025-01-13 21:00:00,Software,35.5,Mantenimiento,Este,6.06
104,2025-01-14 00:00:00,Software,8.84,Error,Centro,6.31
105,2025-01-14 03:00:00,Software,1.06,Inactivo,Este,7.22
106,2025-01-14 06:00:00,Software,2.14,Error,Centro,10.8
107,2025-01-14 09:00:00,Mecanica,1.07,Inactivo,Este,14.65
108,2025-01-14 12:00:00,Mecanica,31.29,Activo,Centro,11.28
109,2025-01-14 15:00:00,Calidad,28.61,Mantenimiento,Centro,4.89
110,2025-01-14 18:00:00,Software,1.42,Inactivo,Oeste,14.17
111,2025-01-14 21:00:00,Logistica,75.71,Activo,Centro,12.08
112,2025-01-15 00:00:00,Electronica,19.34,Error,Este,6.36
113,2025-01-15 03:00:00,Electronica,21.8,Error,Centro,2.83
114,2025-01-15 06:00:00,Software,8.56,Inactivo,Este,8.8
115,2025-01-15 09:00:00,Mecanica,9.42,Inactivo,Sur,5.8
116,2025-01-15 12:00:00,Calidad,41.76,Mantenimiento,Oeste,9.99
117,2025-01-15 15:00:00,Mecanica,67.74,Mantenimiento,Oeste,12.09
118,2025-01-15 18:00:00,Logistica,0.44,Inactivo,Sur,13.64
119,2025-01-15 21:00:00,Logistica,25.64,Error,Oeste,5.97
120,2025-01-16 00:00:00,Logistica,59.23,Mantenimiento,Este,0.93
121,2025-01-16 03:00:00,Mecanica,8.62,Inactivo,Este,4.98
122,2025-01-16 06:00:00,Software,51.27,Activo,Norte,4.97
123,2025-01-16 09:00:00,Electronica,69.02,Activo,Este,2.05
124,2025-01-16 12:00:00,Calidad,37.84,Activo,Centro,6.89
125,2025-01-16 15:00:00,Software,1.73,Inactivo,Oeste,7.25
126,2025-01-16 18:00:00,Electronica,51.01,Mantenimiento,Este,7.06
127,2025-01-16 21:00:00,Software,4.21,Inactivo,Este,6.09
128,2025-01-17 00:00:00,Calidad,21.13,Error,Sur,9.28
129,2025-01-17 03:00:00,Electronica,88.36,Mantenimiento,Sur,1.04
130,2025-01-17 06:00:00,Electronica,73.69,Mantenimiento,Sur,12.85
131,2025-01-17 09:00:00,Mecanica,6.77,Inactivo,Centro,12.03
132,2025-01-17 12:00:00,Logistica,98.58,Activo,Centro,4.99
133,2025-01-17 15:00:00,Logistica,11.11,Error,Oeste,10.72
134,2025-01-17 18:00:00,Software,3.04,Inactivo,Oeste,4.02
135,2025-01-17 21:00:00,Electronica,22.04,Mantenimiento,Sur,5.59
136,2025-01-18 00:00:00,Electronica,20.79,Error,Norte,4.24
137,2025-01-18 03:00:00,Logistica,15.6,Error,Norte,1.1
138,2025-01-18 06:00:00,Logistica,50.53,Mantenimiento,Oeste,14.15
139,2025-01-18 09:00:00,Electronica,6.98,Error,Sur,10.21
140,2025-01-18 12:00:00,Mecanica,8.8,Error,Este,7.93
141,2025-01-18 15:00:00,Logistica,8.46,Inactivo,Centro,7.01
142,2025-01-18 18:00:00,Mecanica,41.55,Activo,Este,11.74
143,2025-01-18 21:00:00,Electronica,0.79,Inactivo,Norte,14.17
144,2025-01-19 00:00:00,Logistica,70.4,Mantenimiento,Este,4.13
145,2025-01-19 03:00:00,Logistica,90.79,Mantenimiento,Centro,6.57
146,2025-01-19 06:00:00,Mecanica,30.76,Activo,Sur,0.84
147,2025-01-19 09:00:00,Electronica,16.19,Error,Este,14.46
148,2025-01-19 12:00:00,Electronica,26.01,Error,Oeste,14.76
149,2025-01-19 15:00:00,Mecanica,81.03,Mantenimiento,Este,4.54
150,2025-01-19 18:00:00,Mecanica,88.36,Activo,Centro,7.38
151,2025-01-19 21:00:00,Calidad,11.58,Error,Sur,9.06
152,2025-01-20 00:00:00,Electronica,5.32,Inactivo,Norte,1.69
153,2025-01-20 03:00:00,Electronica,1.15,Inactivo,Sur,13.3
154,2025-01-20 06:00:00,Calidad,69.81,Mantenimiento,Norte,0.92
155,2025-01-20 09:00:00,Calidad,113.13,Mantenimiento,Oeste,13.81
156,2025-01-20 12:00:00,Calidad,5.5,Inactivo,Sur,14.24
157,2025-01-20 15:00:00,Calidad,23.19,Error,Oeste,2.1
158,2025-01-20 18:00:00,Mecanica,1.49,Inactivo,Centro,10.13
159,2025-01-20 21:00:00,Electronica,11.48,Error,Este,14.49
160,2025-01-21 00:00:00,Electronica,3.74,Error,Este,1.1
161,2025-01-21 03:00:00,Electronica,41.62,Mantenimiento,Este,7.13
162,2025-01-21 06:00:00,Calidad,27.98,Error,Norte,1.62
163,2025-01-21 09:00:00,Calidad,0.4,Inactivo,Oeste,14.32
164,2025-01-21 12:00:00,Mecanica,9.31,Error,Oeste,3.35
165,2025-01-21 15:00:00,Logistica,65.76,Error,Oeste,10.15
166,2025-01-21 18:00:00,Calidad,75.15,Mantenimiento,Sur,5.82
167,2025-01-21 21:00:00,Logistica,8.49,Error,Centro,3.91
168,2025-01-22 00:00:00,Electronica,1.8,Inactivo,Sur,9.3
169,2025-01-22 03:00:00,Software,91.7,Mantenimiento,Norte,10.21
170,2025-01-22 06:00:00,Electronica,4.9,Error,Este,13.96
171,2025-01-22 09:00:00,Electronica,74.91,Mantenimiento,Este,0.41
172,2025-01-22 12:00:00,Mecanica,14.37,Error,Centro,2.44
173,2025-01-22 15:00:00,Software,88.88,Mantenimiento,Sur,7.7
174,2025-01-22 18:00:00,Logistica,2.76,Inactivo,Norte,12.44
175,2025-01-22 21:00:00,Mecanica,87.45,Mantenimiento,Sur,3.22
176,2025-01-23 00:00:00,Logistica,50.66,Mantenimiento,Este,12.75
177,2025-01-23 03:00:00,Logistica,5.8,Inactivo,Norte,14.91
178,2025-01-23 06:00:00,Calidad,28.86,Error,Sur,1.22
179,2025-01-23 09:00:00,Calidad,28.04,Mantenimiento,Norte,4.84
180,2025-01-23 12:00:00,Mecanica,37.51,Activo,Este,7.26
181,2025-01-23 15:00:00,Software,65.25,Mantenimiento,Centro,5.88
182,2025-01-23 18:00:00,Software,20.69,Activo,Este,2.23
183,2025-01-23 21:00:00,Logistica,50.44,Activo,Centro,13.58
184,2025-01-24 00:00:00,Calidad,91.25,Activo,Centro,10.84
185,2025-01-24 03:00:00,Calidad,45.78,Activo,Oeste,9.25
186,2025-01-24 06:00:00,Electronica,0.29,Error,Centro,7.23
187,2025-01-24 09:00:00,Electronica,40.88,Activo,Sur,13.06
188,2025-01-24 12:00:00,Electronica,42.03,Mantenimiento,Norte,9.1
189,2025-01-24 15:00:00,Software,54.53,Activo,Sur,0.77
190,2025-01-24 18:00:00,Electronica,97.91,Error,Oeste,12.98
191,2025-01-24 21:00:00,Calidad,85.64,Mantenimiento,Oeste,8.59
192,2025-01-25 00:00:00,Mecanica,10.17,Error,Sur,5.25
193,2025-01-25 03:00:00,Electronica,51.66,Activo,Este,6.89
194,2025-01-25 06:00:00,Mecanica,29.94,Activo,Este,3.23
195,2025-01-25 09:00:00,Calidad,8.44,Inactivo,Sur,5.34
196,2025-01-25 12:00:00,Calidad,6.83,Inactivo,Centro,7.39
197,2025-01-25 15:00:00,Calidad,76.47,Mantenimiento,Este,4.4
198,2025-01-25 18:00:00,Software,23.82,Mantenimiento,Sur,11.22
199,2025-01-25 21:00:00,Mecanica,74.6,Activo,Sur,10.24
200,2025-01-26 00:00:00,Calidad,3.46,Inactivo,Este,2.62
201,2025-01-26 03:00:00,Software,14.54,Error,Sur,2.29
202,2025-01-26 06:00:00,Software,53.61,Inactivo,Centro,10.51
203,2025-01-26 09:00:00,Electronica,20.69,Error,Este,11.36
204,2025-01-26 12:00:00,Calidad,6.41,Inactivo,Este,1.74
205,2025-01-26 15:00:00,Electronica,43.68,Mantenimiento,Este,3.93
206,2025-01-26 18:00:00,Electronica,56.72,Activo,Oeste,12.07
207,2025-01-26 21:00:00,Mecanica,4.62,Error,Norte,13.62
208,2025-01-27 00:00:00,Mecanica,31.05,Activo,Oeste,11.45
209,2025-01-27 03:00:00,Mecanica,4.38,Inactivo,Centro,1.1
210,2025-01-27 06:00:00,Electronica,11.19,Error,Oeste,5.1
211,2025-01-27 09:00:00,Electronica,74.23,Activo,Norte,6.03
212,2025-01-27 12:00:00,Logistica,21.88,Error,Centro,11.92
213,2025-01-27 15:00:00,Electronica,8.68,Inactivo,Sur,11.14
214,2025-01-27 18:00:00,Calidad,5.83,Inactivo,Centro,11.53
215,2025-01-27 21:00:00,Mecanica,4.29,Inactivo,Centro,11.8
216,2025-01-28 00:00:00,Logistica,30.68,Mantenimiento,Sur,14.6
217,2025-01-28 03:00:00,Mecanica,6.08,Inactivo,Centro,14.38
218,2025-01-28 06:00:00,Mecanica,0.62,Inactivo,Este,11.31
219,2025-01-28 09:00:00,Electronica,34.58,Activo,Norte,14.1
220,2025-01-28 12:00:00,Mecanica,4.13,Inactivo,Norte,8.32
221,2025-01-28 15:00:00,Calidad,6.5,Inactivo,Sur,13.07
222,2025-01-28 18:00:00,Mecanica,25.78,Error,Este,7.98
223,2025-01-28 21:00:00,Electronica,63.17,Mantenimiento,Oeste,2.86
224,2025-01-29 00:00:00,Calidad,6.03,Error,Sur,7.49
225,2025-01-29 03:00:00,Calidad,36.48,Activo,Sur,4.81
226,2025-01-29 06:00:00,Software,27.36,Error,Sur,13.81
227,2025-01-29 09:00:00,Calidad,2.12,Inactivo,Sur,7.32
228,2025-01-29 12:00:00,Logistica,0.89,Inactivo,Oeste,6.03
229,2025-01-29 15:00:00,Mecanica,26.96,Activo,Centro,8.68
230,2025-01-29 18:00:00,Calidad,24.88,Error,Este,4.23
231,2025-01-29 21:00:00,Calidad,11.25,Error,Oeste,1.46
232,2025-01-30 00:00:00,Electronica,4.34,Inactivo,Norte,9.1
233,2025-01-30 03:00:00,Mecanica,8.47,Inactivo,Oeste,12.82
234,2025-01-30 06:00:00,Logistica,31.91,Activo,Oeste,9.13
235,2025-01-30 09:00:00,Calidad,42.1,Activo,Sur,11.72
236,2025-01-30 12:00:00,Mecanica,21.91,Activo,Norte,10.28
237,2025-01-30 15:00:00,Logistica,92.49,Mantenimiento,Norte,7.79
238,2025-01-30 18:00:00,Logistica,20.83,Mantenimiento,Este,6.66
239,2025-01-30 21:00:00,Calidad,15.7,Error,Norte,14.69
240,2025-01-31 00:00:00,Electronica,70.51,Activo,Sur,1.15
241,2025-01-31 03:00:00,Calidad,33.32,Activo,Centro,5.87
242,2025-01-31 06:00:00,Calidad,27.59,Error,Centro,5.92
243,2025-01-31 09:00:00,Calidad,78.95,Mantenimiento,Este,5.35
244,2025-01-31 12:00:00,Logistica,97.03,Mantenimiento,Oeste,5.9
245,2025-01-31 15:00:00,Software,35.21,Mantenimiento,Este,2.54
246,2025-01-31 18:00:00,Calidad,1.6,Inactivo,Norte,14.33
247,2025-01-31 21:00:00,Electronica,89.1,Activo,Sur,14.64
248,2025-02-01 00:00:00,Electronica,37.21,Mantenimiento,Centro,5.73
249,2025-02-01 03:00:00,Mecanica,7.99,Inactivo,Norte,1.74
250,2025-02-01 06:00:00,Electronica,2.84,Inactivo,Sur,11.76
251,2025-02-01 09:00:00,Logistica,57.96,Mantenimiento,Este,12.68
252,2025-02-01 12:00:00,Calidad,7.1,Inactivo,Este,12.3
253,2025-02-01 15:00:00,Mecanica,53.8,Mantenimiento,Centro,3.44
254,2025-02-01 18:00:00,Calidad,88.82,Activo,Norte,2.19
255,2025-02-01 21:00:00,Calidad,7.62,Inactivo,Centro,13.11
256,2025-02-02 00:00:00,Calidad,2.96,Inactivo,Norte,0.86
257,2025-02-02 03:00:00,Electronica,4.01,Inactivo,Norte,10.8
258,2025-02-02 06:00:00,Logistica,99.39,Activo,Sur,14.74
259,2025-02-02 09:00:00,Mecanica,3.24,Error,Este,11.98
260,2025-02-02 12:00:00,Software,45.57,Mantenimiento,Centro,14.02
261,2025-02-02 15:00:00,Calidad,4.36,Inactivo,Norte,6.39
262,2025-02-02 18:00:00,Mecanica,77.35,Error,Este,14.69
263,2025-02-02 21:00:00,Electronica,55.17,Activo,Centro,12.43
264,2025-02-03 00:00:00,Calidad,22.32,Mantenimiento,Este,5.52
265,2025-02-03 03:00:00,Logistica,87.03,Activo,Centro,13.05
266,2025-02-03 06:00:00,Logistica,65.74,Activo,Este,1.06
267,2025-02-03 09:00:00,Software,5.48,Inactivo,Este,10.54
268,2025-02-03 12:00:00,Mecanica,20.43,Error,Este,2.08
269,2025-02-03 15:00:00,Logistica,5.77,Inactivo,Norte,3.83
270,2025-02-03 18:00:00,Logistica,32.74,Mantenimiento,Oeste,11.05
271,2025-02-03 21:00:00,Mecanica,86.82,Mantenimiento,Norte,13.34
272,2025-02-04 00:00:00,Mecanica,27.46,Mantenimiento,Este,10.64
273,2025-02-04 03:00:00,Electronica,9.05,Inactivo,Oeste,14.13
274,2025-02-04 06:00:00,Calidad,9.43,Inactivo,Sur,5.04
275,2025-02-04 09:00:00,Software,33.3,Activo,Oeste,2.41
276,2025-02-04 12:00:00,Electronica,76.94,Mantenimiento,Este,10.01
277,2025-02-04 15:00:00,Calidad,28.92,Error,Norte,6.51
278,2025-02-04 18:00:00,Electronica,21.06,Activo,Oeste,4.11
279,2025-02-04 21:00:00,Calidad,81.78,Activo,Este,14.36
280,2025-02-05 00:00:00,Electronica,10.15,Error,Este,0.12
281,2025-02-05 03:00:00,Mecanica,9.44,Inactivo,Sur,10.52
282,2025-02-05 06:00:00,Calidad,0.72,Inactivo,Centro,3.24
283,2025-02-05 09:00:00,Electronica,6.47,Error,Oeste,10.39
284,2025-02-05 12:00:00,Calidad,18.86,Error,Este,10.08
285,2025-02-05 15:00:00,Logistica,75.5,Mantenimiento,Norte,7.24
286,2025-02-05 18:00:00,Software,55.37,Mantenimiento,Norte,8.83
287,2025-02-05 21:00:00,Logistica,42.47,Mantenimiento,Oeste,0.78
288,2025-02-06 00:00:00,Electronica,9.22,Error,Este,6.98
289,2025-02-06 03:00:00,Logistica,17.26,Error,Centro,14.22
290,2025-02-06 06:00:00,Mecanica,0.32,Inactivo,Este,0.95
291,2025-02-06 09:00:00,Electronica,49.44,Activo,Norte,6.22
292,2025-02-06 12:00:00,Calidad,3.88,Inactivo,Oeste,1.02
293,2025-02-06 15:00:00,Software,10.85,Error,Centro,9.65
294,2025-02-06 18:00:00,Software,5.85,Error,Sur,1.21
295,2025-02-06 21:00:00,Logistica,7.96,Inactivo,Este,0.15
296,2025-02-07 00:00:00,Logistica,41.98,Mantenimiento,Este,12.93
297,2025-02-07 03:00:00,Calidad,38.34,Mantenimiento,Este,13.82
298,2025-02-07 06:00:00,Electronica,47.23,Mantenimiento,Oeste,7.55
299,2025-02-07 09:00:00,Electronica,76.63,Activo,Centro,8.73
300,2025-02-07 12:00:00,Software,0.38,Inactivo,Oeste,10.41
301,2025-02-07 15:00:00,Software,8.79,Error,Norte,3.52
302,2025-02-07 18:00:00,Logistica,61.55,Activo,Este,11.88
303,2025-02-07 21:00:00,Mecanica,4.95,Inactivo,Oeste,3.53
304,2025-02-08 00:00:00,Mecanica,27.48,Activo,Este,13.3
305,2025-02-08 03:00:00,Mecanica,8.2,Inactivo,Norte,3.63
306,2025-02-08 06:00:00,Calidad,28.03,Error,Oeste,1.84
307,2025-02-08 09:00:00,Software,29.59,Error,Oeste,13.75
308,2025-02-08 12:00:00,Logistica,42.03,Activo,Oeste,0.32
309,2025-02-08 15:00:00,Software,71.16,Mantenimiento,Este,6.33
310,2025-02-08 18:00:00,Logistica,4.39,Error,Centro,4.93
311,2025-02-08 21:00:00,Logistica,98.49,Activo,Este,13.47
312,2025-02-09 00:00:00,Software,35.51,Activo,Sur,4.19
313,2025-02-09 03:00:00,Electronica,23.8,Activo,Sur,9.45
314,2025-02-09 06:00:00,Electronica,15.02,Error,Este,4.27
315,2025-02-09 09:00:00,Electronica,6.53,Error,Sur,7.8
316,2025-02-09 12:00:00,Software,73.66,Activo,Este,10.18
317,2025-02-09 15:00:00,Software,82.32,Activo,Sur,12.62
318,2025-02-09 18:00:00,Mecanica,26.48,Error,Oeste,12.9
319,2025-02-09 21:00:00,Mecanica,29.42,Error,Norte,6.28
320,2025-02-10 00:00:00,Electronica,93.58,Mantenimiento,Norte,14.01
321,2025-02-10 03:00:00,Logistica,30.36,Mantenimiento,Norte,1.29
322,2025-02-10 06:00:00,Logistica,22.1,Error,Oeste,5.08
323,2025-02-10 09:00:00,Software,16.99,Error,Sur,5.22
324,2025-02-10 12:00:00,Mecanica,21.37,Activo,Centro,4.83
325,2025-02-10 15:00:00,Software,4.65,Inactivo,Oeste,4.9
326,2025-02-10 18:00:00,Software,45.43,Activo,Oeste,14.33
327,2025-02-10 21:00:00,Mecanica,4.47,Error,Norte,3.38
328,2025-02-11 00:00:00,Logistica,29.76,Error,Sur,8.67
329,2025-02-11 03:00:00,Electronica,6.3,Inactivo,Centro,5.75
330,2025-02-11 06:00:00,Electronica,80.12,Mantenimiento,Oeste,9.3
331,2025-02-11 09:00:00,Mecanica,51.64,Mantenimiento,Oeste,12.12
332,2025-02-11 12:00:00,Logistica,86.76,Activo,Sur,7.14
333,2025-02-11 15:00:00,Software,1.94,Inactivo,Centro,3.64
334,2025-02-11 18:00:00,Logistica,3.86,Inactivo,Sur,9.42
335,2025-02-11 21:00:00,Mecanica,87.61,Activo,Este,3.55
336,2025-02-12 00:00:00,Logistica,61.75,Activo,Sur,2.56
337,2025-02-12 03:00:00,Logistica,67.04,Mantenimiento,Sur,7.34
338,2025-02-12 06:00:00,Calidad,16.77,Error,Este,7.22
339,2025-02-12 09:00:00,Logistica,37.08,Mantenimiento,Sur,9.97
340,2025-02-12 12:00:00,Calidad,6.72,Inactivo,Oeste,12.26
341,2025-02-12 15:00:00,Logistica,67.46,Mantenimiento,Centro,0.93
342,2025-02-12 18:00:00,Software,2.55,Inactivo,Centro,7.97
343,2025-02-12 21:00:00,Logistica,20.45,Error,Centro,9.59
344,2025-02-13 00:00:00,Electronica,6.23,Inactivo,Oeste,5.32
345,2025-02-13 03:00:00,Software,89.49,Mantenimiento,Centro,6.74
346,2025-02-13 06:00:00,Calidad,96.52,Activo,Este,13.04
347,2025-02-13 09:00:00,Mecanica,60.8,Activo,Norte,1.95
348,2025-02-13 12:00:00,Logistica,2.08,Error,Centro,5.85
349,2025-02-13 15:00:00,Logistica,82.94,Mantenimiento,Sur,7.49
350,2025-02-13 18:00:00,Calidad,33.73,Activo,Centro,11.7
351,2025-02-13 21:00:00,Mecanica,79.47,Mantenimiento,Centro,8.79
352,2025-02-14 00:00:00,Software,61.78,Mantenimiento,Norte,7.73
353,2025-02-14 03:00:00,Electronica,73.63,Mantenimiento,Norte,0.78
354,2025-02-14 06:00:00,Mecanica,45.79,Mantenimiento,Sur,7.66
355,2025-02-14 09:00:00,Calidad,1.23,Inactivo,Sur,5.2
356,2025-02-14 12:00:00,Electronica,60.76,Mantenimiento,Oeste,2.1
357,2025-02-14 15:00:00,Electronica,76.85,Activo,Oeste,6.05
358,2025-02-14 18:00:00,Software,25.31,Error,Este,0.86
359,2025-02-14 21:00:00,Mecanica,94.58,Activo,Este,2.23
360,2025-02-15 00:00:00,Electronica,25.58,Error,Oeste,2.83
361,2025-02-15 03:00:00,Software,52.4,Mantenimiento,Este,10.83
362,2025-02-15 06:00:00,Electronica,61.22,Activo,Oeste,10.93
363,2025-02-15 09:00:00,Software,72.53,Activo,Norte,5.46
364,2025-02-15 12:00:00,Logistica,86.45,Activo,Este,13.9
365,2025-02-15 15:00:00,Logistica,28.69,Mantenimiento,Sur,10.42
366,2025-02-15 18:00:00,Software,61.5,Activo,Sur,6.89
367,2025-02-15 21:00:00,Software,1.43,Inactivo,Norte,10.67
368,2025-02-16 00:00:00,Logistica,9.34,Inactivo,Este,2.09
369,2025-02-16 03:00:00,Software,37.57,Mantenimiento,Centro,8.5
370,2025-02-16 06:00:00,Software,84.83,Mantenimiento,Este,6.06
371,2025-02-16 09:00:00,Logistica,1.81,Error,Oeste,14.26
372,2025-02-16 12:00:00,Calidad,18.55,Error,Oeste,10.37
373,2025-02-16 15:00:00,Software,64.39,Activo,Este,12.92
374,2025-02-16 18:00:00,Calidad,55.34,Mantenimiento,Sur,10.23
375,2025-02-16 21:00:00,Software,53.19,Activo,Centro,8.72
376,2025-02-17 00:00:00,Software,1.43,Inactivo,Norte,12.86
377,2025-02-17 03:00:00,Mecanica,49.48,Activo,Norte,3.96
378,2025-02-17 06:00:00,Mecanica,88.17,Activo,Este,6.22
379,2025-02-17 09:00:00,Electronica,1.46,Inactivo,Sur,14.01
380,2025-02-17 12:00:00,Calidad,7.5,Inactivo,Oeste,3.19
381,2025-02-17 15:00:00,Logistica,4.39,Inactivo,Norte,8.21
382,2025-02-17 18:00:00,Software,3.01,Inactivo,Centro,10.94
383,2025-02-17 21:00:00,Logistica,29.79,Error,Sur,6.95
384,2025-02-18 00:00:00,Mecanica,16.01,Error,Oeste,13.07
385,2025-02-18 03:00:00,Mecanica,20.95,Error,Oeste,10.07
386,2025-02-18 06:00:00,Logistica,50.92,Mantenimiento,Este,10.93
387,2025-02-18 09:00:00,Mecanica,7.47,Inactivo,Oeste,0.9
388,2025-02-18 12:00:00,Calidad,22.5,Error,Sur,9.35
389,2025-02-18 15:00:00,Electronica,27.34,Error,Sur,14.19
390,2025-02-18 18:00:00,Software,71.49,Activo,Centro,5.32
391,2025-02-18 21:00:00,Mecanica,30.18,Mantenimiento,Norte,7.19
392,2025-02-19 00:00:00,Logistica,28.5,Error,Sur,7.56
393,2025-02-19 03:00:00,Calidad,5.51,Inactivo,Este,9.41
394,2025-02-19 06:00:00,Software,8.34,Error,Este,4.0
395,2025-02-19 09:00:00,Calidad,66.06,Mantenimiento,Centro,9.06
396,2025-02-19 12:00:00,Calidad,39.41,Mantenimiento,Norte,5.22
397,2025-02-19 15:00:00,Mecanica,17.09,Error,Sur,11.13
398,2025-02-19 18:00:00,Software,48.46,Activo,Centro,11.45
399,2025-02-19 21:00:00,Logistica,25.26,Activo,Oeste,9.87
400,2025-02-20 00:00:00,Mecanica,53.03,Mantenimiento,Norte,11.38
401,2025-02-20 03:00:00,Logistica,29.8,Error,Centro,5.21
402,2025-02-20 06:00:00,Calidad,84.88,Activo,Centro,12.12
403,2025-02-20 09:00:00,Logistica,88.21,Mantenimiento,Sur,7.1
404,2025-02-20 12:00:00,Calidad,49.48,Activo,Norte,2.05
405,2025-02-20 15:00:00,Logistica,45.95,Mantenimiento,Sur,10.72
406,2025-02-20 18:00:00,Calidad,1.11,Error,Oeste,4.85
407,2025-02-20 21:00:00,Software,89.27,Mantenimiento,Norte,13.73
408,2025-02-21 00:00:00,Mecanica,2.33,Inactivo,Este,11.87
409,2025-02-21 03:00:00,Software,60.57,Mantenimiento,Centro,13.32
410,2025-02-21 06:00:00,Mecanica,32.07,Mantenimiento,Oeste,6.81
411,2025-02-21 09:00:00,Mecanica,85.66,Activo,Este,4.37
412,2025-02-21 12:00:00,Calidad,83.1,Activo,Oeste,12.97
413,2025-02-21 15:00:00,Mecanica,40.29,Mantenimiento,Este,8.5
414,2025-02-21 18:00:00,Calidad,96.15,Activo,Norte,9.18
415,2025-02-21 21:00:00,Software,15.68,Error,Sur,4.71
416,2025-02-22 00:00:00,Software,3.82,Inactivo,Norte,12.36
417,2025-02-22 03:00:00,Electronica,27.74,Mantenimiento,Este,13.22
418,2025-02-22 06:00:00,Software,10.34,Error,Este,12.09
419,2025-02-22 09:00:00,Electronica,25.87,Mantenimiento,Centro,10.04
420,2025-02-22 12:00:00,Calidad,9.47,Inactivo,Centro,14.58
421,2025-02-22 15:00:00,Electronica,25.24,Error,Este,4.9
422,2025-02-22 18:00:00,Software,51.62,Activo,Centro,3.35
423,2025-02-22 21:00:00,Calidad,9.77,Inactivo,Norte,8.4
424,2025-02-23 00:00:00,Logistica,105.46,Inactivo,Sur,4.42
425,2025-02-23 03:00:00,Electronica,39.54,Mantenimiento,Este,2.68
426,2025-02-23 06:00:00,Software,7.15,Error,Oeste,10.47
427,2025-02-23 09:00:00,Electronica,2.26,Error,Sur,10.09
428,2025-02-23 12:00:00,Mecanica,32.22,Mantenimiento,Centro,1.56
429,2025-02-23 15:00:00,Calidad,82.27,Mantenimiento,Este,1.04
430,2025-02-23 18:00:00,Mecanica,12.76,Error,Sur,10.99
431,2025-02-23 21:00:00,Electronica,18.01,Error,Este,9.35
432,2025-02-24 00:00:00,Logistica,98.66,Mantenimiento,Sur,3.79
433,2025-02-24 03:00:00,Software,10.56,Error,Norte,5.81
434,2025-02-24 06:00:00,Calidad,9.47,Error,Oeste,9.2
435,2025-02-24 09:00:00,Calidad,29.01,Error,Centro,1.98
436,2025-02-24 12:00:00,Software,9.72,Inactivo,Oeste,3.2
438,2025-02-24 18:00:00,Software,7.59,Inactivo,Centro,5.9
439,2025-02-24 21:00:00,Software,75.02,Mantenimiento,Oeste,7.0
440,2025-02-25 00:00:00,Calidad,10.87,Error,Sur,13.15
441,2025-02-25 03:00:00,Mecanica,0.32,Error,Oeste,11.36
442,2025-02-25 06:00:00,Calidad,1.49,Error,Norte,3.43
443,2025-02-25 09:00:00,Logistica,25.03,Mantenimiento,Sur,4.49
444,2025-02-25 12:00:00,Calidad,3.76,Inactivo,Norte,11.02
445,2025-02-25 15:00:00,Calidad,126.44,Activo,Centro,10.98
447,2025-02-25 21:00:00,Electronica,90.76,Activo,Centro,11.67
448,2025-02-26 00:00:00,Electronica,92.22,Activo,Centro,9.78
449,2025-02-26 03:00:00,Software,1.48,Inactivo,Este,5.59
450,2025-02-26 06:00:00,Logistica,85.68,Activo,Este,0.33
451,2025-02-26 09:00:00,Software,27.48,Activo,Centro,5.43
452,2025-02-26 12:00:00,Electronica,6.28,Error,Oeste,1.73
453,2025-02-26 15:00:00,Logistica,9.04,Inactivo,Centro,13.94
454,2025-02-26 18:00:00,Software,2.75,Inactivo,Este,6.36
455,2025-02-26 21:00:00,Software,2.8,Inactivo,Sur,12.72
456,2025-02-27 00:00:00,Calidad,13.65,Error,Oeste,3.56
457,2025-02-27 03:00:00,Logistica,7.25,Inactivo,Norte,10.35
458,2025-02-27 06:00:00,Calidad,3.9,Inactivo,Sur,5.86
459,2025-02-27 09:00:00,Calidad,86.93,Activo,Norte,0.69
460,2025-02-27 12:00:00,Electronica,50.24,Mantenimiento,Centro,11.52
461,2025-02-27 15:00:00,Logistica,82.55,Mantenimiento,Centro,5.09
462,2025-02-27 18:00:00,Logistica,78.38,Mantenimiento,Este,4.09
463,2025-02-27 21:00:00,Electronica,25.86,Activo,Sur,1.51
464,2025-02-28 00:00:00,Calidad,45.97,Mantenimiento,Centro,13.26
465,2025-02-28 03:00:00,Logistica,6.28,Error,Norte,6.65
466,2025-02-28 06:00:00,Logistica,28.94,Error,Oeste,10.86
467,2025-02-28 09:00:00,Mecanica,57.04,Mantenimiento,Sur,10.31
468,2025-02-28 12:00:00,Calidad,43.18,Mantenimiento,Centro,13.96
469,2025-02-28 15:00:00,Electronica,78.05,Activo,Centro,11.92
470,2025-02-28 18:00:00,Calidad,20.64,Mantenimiento,Centro,4.9
471,2025-02-28 21:00:00,Electronica,27.82,Mantenimiento,Sur,1.25
472,2025-03-01 00:00:00,Electronica,96.3,Activo,Oeste,7.1
473,2025-03-01 03:00:00,Mecanica,7.34,Error,Este,3.45
474,2025-03-01 06:00:00,Software,46.71,Mantenimiento,Sur,3.4
475,2025-03-01 09:00:00,Electronica,0.43,Inactivo,Centro,0.15
476,2025-03-01 12:00:00,Logistica,0.46,Inactivo,Centro,12.67
477,2025-03-01 15:00:00,Logistica,0.89,Inactivo,Este,6.29
478,2025-03-01 18:00:00,Mecanica,3.51,Error,Este,12.08
479,2025-03-01 21:00:00,Electronica,35.2,Mantenimiento,Oeste,5.45
480,2025-03-02 00:00:00,Software,1.31,Inactivo,Centro,9.38
481,2025-03-02 03:00:00,Calidad,99.48,Mantenimiento,Oeste,5.22
482,2025-03-02 06:00:00,Calidad,25.71,Error,Norte,4.72
483,2025-03-02 09:00:00,Logistica,78.2,Activo,Oeste,11.44
484,2025-03-02 12:00:00,Electronica,61.65,Mantenimiento,Este,1.57
485,2025-03-02 15:00:00,Software,4.38,Inactivo,Oeste,5.76
486,2025-03-02 18:00:00,Logistica,21.37,Error,Sur,8.66
487,2025-03-02 21:00:00,Software,3.8,Inactivo,Este,1.9
488,2025-03-03 00:00:00,Software,92.01,Mantenimiento,Este,3.08
489,2025-03-03 03:00:00,Mecanica,57.78,Mantenimiento,Este,6.15
490,2025-03-03 06:00:00,Software,74.14,Mantenimiento,Sur,12.15
491,2025-03-03 09:00:00,Mecanica,27.61,Activo,Sur,6.93
492,2025-03-03 12:00:00,Software,81.85,Mantenimiento,Norte,0.29
493,2025-03-03 15:00:00,Mecanica,8.88,Inactivo,Centro,3.13
494,2025-03-03 18:00:00,Calidad,6.77,Inactivo,Norte,11.99
496,2025-03-04 00:00:00,Calidad,6.92,Inactivo,Centro,0.12
497,2025-03-04 03:00:00,Software,8.03,Error,Norte,5.05
498,2025-03-04 06:00:00,Logistica,69.34,Mantenimiento,Oeste,14.81
499,2025-03-04 09:00:00,Logistica,31.88,Activo,Sur,6.55
500,2025-03-04 12:00:00,Software,82.55,Mantenimiento,Sur,2.69
501,2025-03-04 15:00:00,Calidad,28.07,Error,Centro,11.73
502,2025-03-04 18:00:00,Mecanica,8.58,Inactivo,Norte,10.09
503,2025-03-04 21:00:00,Logistica,56.12,Mantenimiento,Norte,3.81
505,2025-03-05 03:00:00,Software,35.78,Mantenimiento,Oeste,11.32
506,2025-03-05 06:00:00,Mecanica,65.63,Inactivo,Sur,4.83
507,2025-03-05 09:00:00,Logistica,39.68,Activo,Norte,11.5
508,2025-03-05 12:00:00,Electronica,76.73,Mantenimiento,Norte,7.57
509,2025-03-05 15:00:00,Electronica,7.66,Inactivo,Norte,3.63
510,2025-03-05 18:00:00,Software,1.48,Inactivo,Norte,8.23
511,2025-03-05 21:00:00,Software,35.72,Mantenimiento,Centro,5.93
512,2025-03-06 00:00:00,Electronica,36.65,Activo,Sur,3.72
513,2025-03-06 03:00:00,Electronica,24.52,Activo,Norte,6.49
514,2025-03-06 06:00:00,Calidad,38.26,Activo,Oeste,2.16
515,2025-03-06 09:00:00,Calidad,13.22,Error,Sur,0.58
516,2025-03-06 12:00:00,Mecanica,17.16,Error,Este,8.86
517,2025-03-06 15:00:00,Calidad,12.25,Error,Norte,10.54
518,2025-03-06 18:00:00,Logistica,42.71,Mantenimiento,Sur,11.55
519,2025-03-06 21:00:00,Software,81.6,Mantenimiento,Norte,2.59
520,2025-03-07 00:00:00,Mecanica,2.16,Inactivo,Norte,5.68
521,2025-03-07 03:00:00,Calidad,55.36,Mantenimiento,Sur,12.88
522,2025-03-07 06:00:00,Electronica,14.42,Error,Este,9.98
523,2025-03-07 09:00:00,Logistica,69.58,Mantenimiento,Este,8.9
524,2025-03-07 12:00:00,Logistica,4.85,Error,Sur,13.53
525,2025-03-07 15:00:00,Logistica,26.8,Mantenimiento,Sur,5.95
526,2025-03-07 18:00:00,Logistica,9.84,Inactivo,Centro,7.01
527,2025-03-07 21:00:00,Calidad,56.86,Activo,Centro,6.27
528,2025-03-08 00:00:00,Software,34.52,Activo,Norte,14.82
529,2025-03-08 03:00:00,Logistica,14.4,Error,Norte,14.11
530,2025-03-08 06:00:00,Software,29.5,Mantenimiento,Centro,2.87
531,2025-03-08 09:00:00,Mecanica,1.31,Inactivo,Centro,5.1
532,2025-03-08 12:00:00,Software,82.18,Activo,Oeste,4.26
533,2025-03-08 15:00:00,Electronica,62.14,Activo,Oeste,1.12
534,2025-03-08 18:00:00,Electronica,22.11,Activo,Sur,13.28
535,2025-03-08 21:00:00,Electronica,8.29,Inactivo,Sur,12.33
536,2025-03-09 00:00:00,Calidad,45.04,Mantenimiento,Centro,13.39
537,2025-03-09 03:00:00,Electronica,20.55,Error,Centro,12.79
538,2025-03-09 06:00:00,Software,30.14,Mantenimiento,Centro,10.88
539,2025-03-09 09:00:00,Calidad,2.7,Inactivo,Sur,9.1
540,2025-03-09 12:00:00,Calidad,73.61,Activo,Norte,3.35
541,2025-03-09 15:00:00,Calidad,29.03,Error,Centro,9.96
543,2025-03-09 21:00:00,Electronica,9.61,Inactivo,Este,2.7
544,2025-03-10 00:00:00,Software,92.48,Activo,Sur,9.94
545,2025-03-10 03:00:00,Calidad,19.34,Error,Centro,0.2
546,2025-03-10 06:00:00,Logistica,85.07,Mantenimiento,Oeste,6.14
547,2025-03-10 09:00:00,Mecanica,8.81,Inactivo,Norte,1.24
548,2025-03-10 12:00:00,Electronica,6.53,Inactivo,Sur,13.36
549,2025-03-10 15:00:00,Calidad,8.69,Inactivo,Centro,2.52
550,2025-03-10 18:00:00,Software,46.43,Activo,Centro,12.75
551,2025-03-10 21:00:00,Calidad,24.63,Error,Norte,6.57
552,2025-03-11 00:00:00,Mecanica,1.31,Error,Sur,7.68
553,2025-03-11 03:00:00,Software,93.65,Activo,Oeste,6.62
554,2025-03-11 06:00:00,Software,93.64,Activo,Norte,9.11
555,2025-03-11 09:00:00,Electronica,89.8,Inactivo,Centro,13.99
556,2025-03-11 12:00:00,Mecanica,2.54,Inactivo,Sur,8.5
557,2025-03-11 15:00:00,Software,9.07,Error,Este,2.1
558,2025-03-11 18:00:00,Mecanica,7.74,Error,Centro,6.83
559,2025-03-11 21:00:00,Electronica,5.32,Inactivo,Norte,2.27
560,2025-03-12 00:00:00,Logistica,13.61,Error,Oeste,8.41
561,2025-03-12 03:00:00,Software,9.94,Inactivo,Oeste,10.51
562,2025-03-12 06:00:00,Software,29.73,Mantenimiento,Norte,3.64
563,2025-03-12 09:00:00,Logistica,51.67,Activo,Sur,12.12
564,2025-03-12 12:00:00,Electronica,32.8,Mantenimiento,Oeste,0.57
565,2025-03-12 15:00:00,Calidad,69.06,Mantenimiento,Este,0.45
566,2025-03-12 18:00:00,Logistica,42.99,Activo,Centro,8.47
567,2025-03-12 21:00:00,Logistica,24.46,Mantenimiento,Este,5.48
568,2025-03-13 00:00:00,Logistica,9.89,Inactivo,Norte,9.57
569,2025-03-13 03:00:00,Electronica,51.77,Mantenimiento,Sur,11.5
570,2025-03-13 06:00:00,Software,6.14,Error,Sur,14.35
571,2025-03-13 09:00:00,Electronica,97.06,Activo,Sur,0.93
572,2025-03-13 12:00:00,Software,0.21,Inactivo,Centro,14.83
573,2025-03-13 15:00:00,Logistica,1.83,Inactivo,Sur,8.16
574,2025-03-13 18:00:00,Software,64.49,Mantenimiento,Sur,9.13
575,2025-03-13 21:00:00,Electronica,77.51,Mantenimiento,Sur,5.57
576,2025-03-14 00:00:00,Calidad,8.57,Inactivo,Sur,7.73
577,2025-03-14 03:00:00,Calidad,0.67,Inactivo,Sur,0.27
578,2025-03-14 06:00:00,Software,33.23,Activo,Centro,7.49
579,2025-03-14 09:00:00,Software,83.64,Mantenimiento,Norte,14.74
580,2025-03-14 12:00:00,Logistica,60.33,Mantenimiento,Oeste,14.44
581,2025-03-14 15:00:00,Calidad,1.26,Inactivo,Centro,8.46
582,2025-03-14 18:00:00,Mecanica,16.81,Error,Centro,6.22
583,2025-03-14 21:00:00,Software,78.18,Mantenimiento,Norte,3.51
584,2025-03-15 00:00:00,Calidad,2.14,Inactivo,Norte,10.2
585,2025-03-15 03:00:00,Logistica,11.66,Error,Este,6.12
586,2025-03-15 06:00:00,Mecanica,1.76,Inactivo,Oeste,3.82
587,2025-03-15 09:00:00,Mecanica,39.33,Mantenimiento,Oeste,0.16
588,2025-03-15 12:00:00,Calidad,10.39,Error,Sur,8.65
589,2025-03-15 15:00:00,Logistica,51.01,Activo,Centro,10.34
590,2025-03-15 18:00:00,Software,92.2,Mantenimiento,Este,4.23
591,2025-03-15 21:00:00,Logistica,22.06,Error,Norte,8.1
592,2025-03-16 00:00:00,Software,57.23,Mantenimiento,Centro,5.35
593,2025-03-16 03:00:00,Electronica,38.68,Activo,Oeste,14.35
594,2025-03-16 06:00:00,Electronica,0.48,Inactivo,Norte,4.28
595,2025-03-16 09:00:00,Electronica,58.69,Activo,Oeste,9.17
596,2025-03-16 12:00:00,Calidad,96.7,Activo,Sur,10.58
597,2025-03-16 15:00:00,Calidad,65.04,Mantenimiento,Sur,9.02
598,2025-03-16 18:00:00,Mecanica,88.09,Activo,Sur,5.46
599,2025-03-16 21:00:00,Mecanica,74.7,Mantenimiento,Sur,7.28
600,2025-03-17 00:00:00,Software,48.19,Activo,Norte,10.63
